Workbook

Sheet Barrido
A1: RPM | B1: kLa [h⁻¹] | C1: R² | D1: Puntos | E1: Temperatura [°C] | F1: Observaciones
A2: 200 | B2: =IF(ISNUMBER('200 rpm'!K5),'200 rpm'!K5,"") | C2: =IF(ISNUMBER('200 rpm'!K6),'200 rpm'!K6,"") | D2: ='200 rpm'!K8
A3: 400 | B3: =IF(ISNUMBER('400 rpm'!K5),'400 rpm'!K5,"") | C3: =IF(ISNUMBER('400 rpm'!K6),'400 rpm'!K6,"") | D3: ='400 rpm'!K8
A4: 600 | B4: =IF(ISNUMBER('600 rpm'!K5),'600 rpm'!K5,"") | C4: =IF(ISNUMBER('600 rpm'!K6),'600 rpm'!K6,"") | D4: ='600 rpm'!K8
A5: 800 | B5: =IF(ISNUMBER('800 rpm'!K5),'800 rpm'!K5,"") | C5: =IF(ISNUMBER('800 rpm'!K6),'800 rpm'!K6,"") | D5: ='800 rpm'!K8
A6: 1000 | B6: =IF(ISNUMBER('1000 rpm'!K5),'1000 rpm'!K5,"") | C6: =IF(ISNUMBER('1000 rpm'!K6),'1000 rpm'!K6,"") | D6: ='1000 rpm'!K8

Sheet Instrucciones
A1: Plantilla de cálculo de kLa: reactor Sartorius 50 L, 30 L de agua, aire 15 L/min.
A2: Una hoja por velocidad. No hay datos experimentales precargados.
A3: Introducir tiempo en segundos desde el cambio de gas en A y oxígeno en B (filas 9 a 308).
A4: Introducir meseta inicial en K2 y meseta final en K3, tras revisar el registro completo.
A5: No sustituir automáticamente la meseta final por 100 %. La escala debe ser la misma.
A6: Las columnas C y D calculan el recorrido y la transformación logarítmica.
A7: E y F seleccionan Y y tiempo solo para un recorrido entre 0.20 y 0.80.
A8: El ajuste tiene ordenada libre. Se muestran resultados a partir de tres puntos válidos.
A9: Tres puntos son un mínimo de cálculo, no un criterio suficiente de calidad.
A10: K5 expresa kLa en h⁻¹. Revisar pendiente positiva, linealidad, residuos y condiciones.
A11: G muestra los residuos Y − (intercepto + pendiente × tiempo) de los puntos seleccionados.
A12: Las gráficas de Y y residuos representan el tramo seleccionado; la curva de oxígeno usa todo el registro.
... A15: La plantilla admite 300 muestras por curva. Si el registro es mayor, ampliar fórmulas, rangos y gráficas.

Sheet 200 rpm
A1: Reoxigenación a 200 rpm | J1: RPM | K1: 200
A2: Volumen: 30 L de agua | J2: y₀ (entrada)
A3: Aire: 15 L/min = 0.5 vvm | J3: y∞ (entrada)
A4: Archivo / equipo: | J4: Pendiente [s⁻¹] | K4: =IF(AND(K8>=3,ISNUMBER(K2),ISNUMBER(K3),K3>K2),IFERROR(SLOPE(E9:E308,F9:F308),""),"")
A5: Temperatura [°C]: | J5: kLa [h⁻¹] | K5: =IF(ISNUMBER(K4),K4*3600,"")
A6: Intervalos de mesetas: | J6: R² | K6: =IF(ISNUMBER(K4),IFERROR(RSQ(E9:E308,F9:F308),""),"")
J7: Intercepto | K7: =IF(ISNUMBER(K4),IFERROR(INTERCEPT(E9:E308,F9:F308),""),"")
A8: Tiempo [s] | B8: Oxígeno [%] | C8: Recorrido r | D8: Y | E8: Y seleccionado | F8: t seleccionado | G8: Residuo | J8: Puntos de ajuste | K8: =COUNT(E9:E308)
C9: =IF(AND(ISNUMBER(A9),ISNUMBER(B9),ISNUMBER($K$2),ISNUMBER($K$3),$K$3>$K$2),(B9-$K$2)/($K$3-$K$2),"") | D9: =IF(ISNUMBER(C9),IF(B9<$K$3,LN(($K$3-$K$2)/($K$3-B9)),""),"") | E9: =IF(AND(ISNUMBER(C9),ISNUMBER(D9),C9>=0.2,C9<=0.8),D9,"") | F9: =IF(ISNUMBER(E9),A9,"") | G9: =IF(AND(ISNUMBER(E9),ISNUMBER($K$4)),E9-($K$7+$K$4*A9),"")
C10: =IF(AND(ISNUMBER(A10),ISNUMBER(B10),ISNUMBER($K$2),ISNUMBER($K$3),$K$3>$K$2),(B10-$K$2)/($K$3-$K$2),"") | D10: =IF(ISNUMBER(C10),IF(B10<$K$3,LN(($K$3-$K$2)/($K$3-B10)),""),"") | E10: =IF(AND(ISNUMBER(C10),ISNUMBER(D10),C10>=0.2,C10<=0.8),D10,"") | F10: =IF(ISNUMBER(E10),A10,"") | G10: =IF(AND(ISNUMBER(E10),ISNUMBER($K$4)),E10-($K$7+$K$4*A10),"")
C11: =IF(AND(ISNUMBER(A11),ISNUMBER(B11),ISNUMBER($K$2),ISNUMBER($K$3),$K$3>$K$2),(B11-$K$2)/($K$3-$K$2),"") | D11: =IF(ISNUMBER(C11),IF(B11<$K$3,LN(($K$3-$K$2)/($K$3-B11)),""),"") | E11: =IF(AND(ISNUMBER(C11),ISNUMBER(D11),C11>=0.2,C11<=0.8),D11,"") | F11: =IF(ISNUMBER(E11),A11,"") | G11: =IF(AND(ISNUMBER(E11),ISNUMBER($K$4)),E11-($K$7+$K$4*A11),"")
C12: =IF(AND(ISNUMBER(A12),ISNUMBER(B12),ISNUMBER($K$2),ISNUMBER($K$3),$K$3>$K$2),(B12-$K$2)/($K$3-$K$2),"") | D12: =IF(ISNUMBER(C12),IF(B12<$K$3,LN(($K$3-$K$2)/($K$3-B12)),""),"") | E12: =IF(AND(ISNUMBER(C12),ISNUMBER(D12),C12>=0.2,C12<=0.8),D12,"") | F12: =IF(ISNUMBER(E12),A12,"") | G12: =IF(AND(ISNUMBER(E12),ISNUMBER($K$4)),E12-($K$7+$K$4*A12),"")
C13: =IF(AND(ISNUMBER(A13),ISNUMBER(B13),ISNUMBER($K$2),ISNUMBER($K$3),$K$3>$K$2),(B13-$K$2)/($K$3-$K$2),"") | D13: =IF(ISNUMBER(C13),IF(B13<$K$3,LN(($K$3-$K$2)/($K$3-B13)),""),"") | E13: =IF(AND(ISNUMBER(C13),ISNUMBER(D13),C13>=0.2,C13<=0.8),D13,"") | F13: =IF(ISNUMBER(E13),A13,"") | G13: =IF(AND(ISNUMBER(E13),ISNUMBER($K$4)),E13-($K$7+$K$4*A13),"")
C14: =IF(AND(ISNUMBER(A14),ISNUMBER(B14),ISNUMBER($K$2),ISNUMBER($K$3),$K$3>$K$2),(B14-$K$2)/($K$3-$K$2),"") | D14: =IF(ISNUMBER(C14),IF(B14<$K$3,LN(($K$3-$K$2)/($K$3-B14)),""),"") | E14: =IF(AND(ISNUMBER(C14),ISNUMBER(D14),C14>=0.2,C14<=0.8),D14,"") | F14: =IF(ISNUMBER(E14),A14,"") | G14: =IF(AND(ISNUMBER(E14),ISNUMBER($K$4)),E14-($K$7+$K$4*A14),"")
C15: =IF(AND(ISNUMBER(A15),ISNUMBER(B15),ISNUMBER($K$2),ISNUMBER($K$3),$K$3>$K$2),(B15-$K$2)/($K$3-$K$2),"") | D15: =IF(ISNUMBER(C15),IF(B15<$K$3,LN(($K$3-$K$2)/($K$3-B15)),""),"") | E15: =IF(AND(ISNUMBER(C15),ISNUMBER(D15),C15>=0.2,C15<=0.8),D15,"") | F15: =IF(ISNUMBER(E15),A15,"") | G15: =IF(AND(ISNUMBER(E15),ISNUMBER($K$4)),E15-($K$7+$K$4*A15),"")
C16: =IF(AND(ISNUMBER(A16),ISNUMBER(B16),ISNUMBER($K$2),ISNUMBER($K$3),$K$3>$K$2),(B16-$K$2)/($K$3-$K$2),"") | D16: =IF(ISNUMBER(C16),IF(B16<$K$3,LN(($K$3-$K$2)/($K$3-B16)),""),"") | E16: =IF(AND(ISNUMBER(C16),ISNUMBER(D16),C16>=0.2,C16<=0.8),D16,"") | F16: =IF(ISNUMBER(E16),A16,"") | G16: =IF(AND(ISNUMBER(E16),ISNUMBER($K$4)),E16-($K$7+$K$4*A16),"")
C17: =IF(AND(ISNUMBER(A17),ISNUMBER(B17),ISNUMBER($K$2),ISNUMBER($K$3),$K$3>$K$2),(B17-$K$2)/($K$3-$K$2),"") | D17: =IF(ISNUMBER(C17),IF(B17<$K$3,LN(($K$3-$K$2)/($K$3-B17)),""),"") | E17: =IF(AND(ISNUMBER(C17),ISNUMBER(D17),C17>=0.2,C17<=0.8),D17,"") | F17: =IF(ISNUMBER(E17),A17,"") | G17: =IF(AND(ISNUMBER(E17),ISNUMBER($K$4)),E17-($K$7+$K$4*A17),"")
C18: =IF(AND(ISNUMBER(A18),ISNUMBER(B18),ISNUMBER($K$2),ISNUMBER($K$3),$K$3>$K$2),(B18-$K$2)/($K$3-$K$2),"") | D18: =IF(ISNUMBER(C18),IF(B18<$K$3,LN(($K$3-$K$2)/($K$3-B18)),""),"") | E18: =IF(AND(ISNUMBER(C18),ISNUMBER(D18),C18>=0.2,C18<=0.8),D18,"") | F18: =IF(ISNUMBER(E18),A18,"") | G18: =IF(AND(ISNUMBER(E18),ISNUMBER($K$4)),E18-($K$7+$K$4*A18),"")
C19: =IF(AND(ISNUMBER(A19),ISNUMBER(B19),ISNUMBER($K$2),ISNUMBER($K$3),$K$3>$K$2),(B19-$K$2)/($K$3-$K$2),"") | D19: =IF(ISNUMBER(C19),IF(B19<$K$3,LN(($K$3-$K$2)/($K$3-B19)),""),"") | E19: =IF(AND(ISNUMBER(C19),ISNUMBER(D19),C19>=0.2,C19<=0.8),D19,"") | F19: =IF(ISNUMBER(E19),A19,"") | G19: =IF(AND(ISNUMBER(E19),ISNUMBER($K$4)),E19-($K$7+$K$4*A19),"")
C20: =IF(AND(ISNUMBER(A20),ISNUMBER(B20),ISNUMBER($K$2),ISNUMBER($K$3),$K$3>$K$2),(B20-$K$2)/($K$3-$K$2),"") | D20: =IF(ISNUMBER(C20),IF(B20<$K$3,LN(($K$3-$K$2)/($K$3-B20)),""),"") | E20: =IF(AND(ISNUMBER(C20),ISNUMBER(D20),C20>=0.2,C20<=0.8),D20,"") | F20: =IF(ISNUMBER(E20),A20,"") | G20: =IF(AND(ISNUMBER(E20),ISNUMBER($K$4)),E20-($K$7+$K$4*A20),"")
... C308: =IF(AND(ISNUMBER(A308),ISNUMBER(B308),ISNUMBER($K$2),ISNUMBER($K$3),$K$3>$K$2),(B308-$K$2)/($K$3-$K$2),"") | D308: =IF(ISNUMBER(C308),IF(B308<$K$3,LN(($K$3-$K$2)/($K$3-B308)),""),"") | E308: =IF(AND(ISNUMBER(C308),ISNUMBER(D308),C308>=0.2,C308<=0.8),D308,"") | F308: =IF(ISNUMBER(E308),A308,"") | G308: =IF(AND(ISNUMBER(E308),ISNUMBER($K$4)),E308-($K$7+$K$4*A308),"")

Sheet 400 rpm
A1: Reoxigenación a 400 rpm | J1: RPM | K1: 400
A2: Volumen: 30 L de agua | J2: y₀ (entrada)
A3: Aire: 15 L/min = 0.5 vvm | J3: y∞ (entrada)
A4: Archivo / equipo: | J4: Pendiente [s⁻¹] | K4: =IF(AND(K8>=3,ISNUMBER(K2),ISNUMBER(K3),K3>K2),IFERROR(SLOPE(E9:E308,F9:F308),""),"")
A5: Temperatura [°C]: | J5: kLa [h⁻¹] | K5: =IF(ISNUMBER(K4),K4*3600,"")
A6: Intervalos de mesetas: | J6: R² | K6: =IF(ISNUMBER(K4),IFERROR(RSQ(E9:E308,F9:F308),""),"")
J7: Intercepto | K7: =IF(ISNUMBER(K4),IFERROR(INTERCEPT(E9:E308,F9:F308),""),"")
A8: Tiempo [s] | B8: Oxígeno [%] | C8: Recorrido r | D8: Y | E8: Y seleccionado | F8: t seleccionado | G8: Residuo | J8: Puntos de ajuste | K8: =COUNT(E9:E308)
C9: =IF(AND(ISNUMBER(A9),ISNUMBER(B9),ISNUMBER($K$2),ISNUMBER($K$3),$K$3>$K$2),(B9-$K$2)/($K$3-$K$2),"") | D9: =IF(ISNUMBER(C9),IF(B9<$K$3,LN(($K$3-$K$2)/($K$3-B9)),""),"") | E9: =IF(AND(ISNUMBER(C9),ISNUMBER(D9),C9>=0.2,C9<=0.8),D9,"") | F9: =IF(ISNUMBER(E9),A9,"") | G9: =IF(AND(ISNUMBER(E9),ISNUMBER($K$4)),E9-($K$7+$K$4*A9),"")
C10: =IF(AND(ISNUMBER(A10),ISNUMBER(B10),ISNUMBER($K$2),ISNUMBER($K$3),$K$3>$K$2),(B10-$K$2)/($K$3-$K$2),"") | D10: =IF(ISNUMBER(C10),IF(B10<$K$3,LN(($K$3-$K$2)/($K$3-B10)),""),"") | E10: =IF(AND(ISNUMBER(C10),ISNUMBER(D10),C10>=0.2,C10<=0.8),D10,"") | F10: =IF(ISNUMBER(E10),A10,"") | G10: =IF(AND(ISNUMBER(E10),ISNUMBER($K$4)),E10-($K$7+$K$4*A10),"")
C11: =IF(AND(ISNUMBER(A11),ISNUMBER(B11),ISNUMBER($K$2),ISNUMBER($K$3),$K$3>$K$2),(B11-$K$2)/($K$3-$K$2),"") | D11: =IF(ISNUMBER(C11),IF(B11<$K$3,LN(($K$3-$K$2)/($K$3-B11)),""),"") | E11: =IF(AND(ISNUMBER(C11),ISNUMBER(D11),C11>=0.2,C11<=0.8),D11,"") | F11: =IF(ISNUMBER(E11),A11,"") | G11: =IF(AND(ISNUMBER(E11),ISNUMBER($K$4)),E11-($K$7+$K$4*A11),"")
C12: =IF(AND(ISNUMBER(A12),ISNUMBER(B12),ISNUMBER($K$2),ISNUMBER($K$3),$K$3>$K$2),(B12-$K$2)/($K$3-$K$2),"") | D12: =IF(ISNUMBER(C12),IF(B12<$K$3,LN(($K$3-$K$2)/($K$3-B12)),""),"") | E12: =IF(AND(ISNUMBER(C12),ISNUMBER(D12),C12>=0.2,C12<=0.8),D12,"") | F12: =IF(ISNUMBER(E12),A12,"") | G12: =IF(AND(ISNUMBER(E12),ISNUMBER($K$4)),E12-($K$7+$K$4*A12),"")
C13: =IF(AND(ISNUMBER(A13),ISNUMBER(B13),ISNUMBER($K$2),ISNUMBER($K$3),$K$3>$K$2),(B13-$K$2)/($K$3-$K$2),"") | D13: =IF(ISNUMBER(C13),IF(B13<$K$3,LN(($K$3-$K$2)/($K$3-B13)),""),"") | E13: =IF(AND(ISNUMBER(C13),ISNUMBER(D13),C13>=0.2,C13<=0.8),D13,"") | F13: =IF(ISNUMBER(E13),A13,"") | G13: =IF(AND(ISNUMBER(E13),ISNUMBER($K$4)),E13-($K$7+$K$4*A13),"")
C14: =IF(AND(ISNUMBER(A14),ISNUMBER(B14),ISNUMBER($K$2),ISNUMBER($K$3),$K$3>$K$2),(B14-$K$2)/($K$3-$K$2),"") | D14: =IF(ISNUMBER(C14),IF(B14<$K$3,LN(($K$3-$K$2)/($K$3-B14)),""),"") | E14: =IF(AND(ISNUMBER(C14),ISNUMBER(D14),C14>=0.2,C14<=0.8),D14,"") | F14: =IF(ISNUMBER(E14),A14,"") | G14: =IF(AND(ISNUMBER(E14),ISNUMBER($K$4)),E14-($K$7+$K$4*A14),"")
C15: =IF(AND(ISNUMBER(A15),ISNUMBER(B15),ISNUMBER($K$2),ISNUMBER($K$3),$K$3>$K$2),(B15-$K$2)/($K$3-$K$2),"") | D15: =IF(ISNUMBER(C15),IF(B15<$K$3,LN(($K$3-$K$2)/($K$3-B15)),""),"") | E15: =IF(AND(ISNUMBER(C15),ISNUMBER(D15),C15>=0.2,C15<=0.8),D15,"") | F15: =IF(ISNUMBER(E15),A15,"") | G15: =IF(AND(ISNUMBER(E15),ISNUMBER($K$4)),E15-($K$7+$K$4*A15),"")
C16: =IF(AND(ISNUMBER(A16),ISNUMBER(B16),ISNUMBER($K$2),ISNUMBER($K$3),$K$3>$K$2),(B16-$K$2)/($K$3-$K$2),"") | D16: =IF(ISNUMBER(C16),IF(B16<$K$3,LN(($K$3-$K$2)/($K$3-B16)),""),"") | E16: =IF(AND(ISNUMBER(C16),ISNUMBER(D16),C16>=0.2,C16<=0.8),D16,"") | F16: =IF(ISNUMBER(E16),A16,"") | G16: =IF(AND(ISNUMBER(E16),ISNUMBER($K$4)),E16-($K$7+$K$4*A16),"")
C17: =IF(AND(ISNUMBER(A17),ISNUMBER(B17),ISNUMBER($K$2),ISNUMBER($K$3),$K$3>$K$2),(B17-$K$2)/($K$3-$K$2),"") | D17: =IF(ISNUMBER(C17),IF(B17<$K$3,LN(($K$3-$K$2)/($K$3-B17)),""),"") | E17: =IF(AND(ISNUMBER(C17),ISNUMBER(D17),C17>=0.2,C17<=0.8),D17,"") | F17: =IF(ISNUMBER(E17),A17,"") | G17: =IF(AND(ISNUMBER(E17),ISNUMBER($K$4)),E17-($K$7+$K$4*A17),"")
C18: =IF(AND(ISNUMBER(A18),ISNUMBER(B18),ISNUMBER($K$2),ISNUMBER($K$3),$K$3>$K$2),(B18-$K$2)/($K$3-$K$2),"") | D18: =IF(ISNUMBER(C18),IF(B18<$K$3,LN(($K$3-$K$2)/($K$3-B18)),""),"") | E18: =IF(AND(ISNUMBER(C18),ISNUMBER(D18),C18>=0.2,C18<=0.8),D18,"") | F18: =IF(ISNUMBER(E18),A18,"") | G18: =IF(AND(ISNUMBER(E18),ISNUMBER($K$4)),E18-($K$7+$K$4*A18),"")
C19: =IF(AND(ISNUMBER(A19),ISNUMBER(B19),ISNUMBER($K$2),ISNUMBER($K$3),$K$3>$K$2),(B19-$K$2)/($K$3-$K$2),"") | D19: =IF(ISNUMBER(C19),IF(B19<$K$3,LN(($K$3-$K$2)/($K$3-B19)),""),"") | E19: =IF(AND(ISNUMBER(C19),ISNUMBER(D19),C19>=0.2,C19<=0.8),D19,"") | F19: =IF(ISNUMBER(E19),A19,"") | G19: =IF(AND(ISNUMBER(E19),ISNUMBER($K$4)),E19-($K$7+$K$4*A19),"")
C20: =IF(AND(ISNUMBER(A20),ISNUMBER(B20),ISNUMBER($K$2),ISNUMBER($K$3),$K$3>$K$2),(B20-$K$2)/($K$3-$K$2),"") | D20: =IF(ISNUMBER(C20),IF(B20<$K$3,LN(($K$3-$K$2)/($K$3-B20)),""),"") | E20: =IF(AND(ISNUMBER(C20),ISNUMBER(D20),C20>=0.2,C20<=0.8),D20,"") | F20: =IF(ISNUMBER(E20),A20,"") | G20: =IF(AND(ISNUMBER(E20),ISNUMBER($K$4)),E20-($K$7+$K$4*A20),"")
... C308: =IF(AND(ISNUMBER(A308),ISNUMBER(B308),ISNUMBER($K$2),ISNUMBER($K$3),$K$3>$K$2),(B308-$K$2)/($K$3-$K$2),"") | D308: =IF(ISNUMBER(C308),IF(B308<$K$3,LN(($K$3-$K$2)/($K$3-B308)),""),"") | E308: =IF(AND(ISNUMBER(C308),ISNUMBER(D308),C308>=0.2,C308<=0.8),D308,"") | F308: =IF(ISNUMBER(E308),A308,"") | G308: =IF(AND(ISNUMBER(E308),ISNUMBER($K$4)),E308-($K$7+$K$4*A308),"")

Sheet 600 rpm
A1: Reoxigenación a 600 rpm | J1: RPM | K1: 600
A2: Volumen: 30 L de agua | J2: y₀ (entrada)
A3: Aire: 15 L/min = 0.5 vvm | J3: y∞ (entrada)
A4: Archivo / equipo: | J4: Pendiente [s⁻¹] | K4: =IF(AND(K8>=3,ISNUMBER(K2),ISNUMBER(K3),K3>K2),IFERROR(SLOPE(E9:E308,F9:F308),""),"")
A5: Temperatura [°C]: | J5: kLa [h⁻¹] | K5: =IF(ISNUMBER(K4),K4*3600,"")
A6: Intervalos de mesetas: | J6: R² | K6: =IF(ISNUMBER(K4),IFERROR(RSQ(E9:E308,F9:F308),""),"")
J7: Intercepto | K7: =IF(ISNUMBER(K4),IFERROR(INTERCEPT(E9:E308,F9:F308),""),"")
A8: Tiempo [s] | B8: Oxígeno [%] | C8: Recorrido r | D8: Y | E8: Y seleccionado | F8: t seleccionado | G8: Residuo | J8: Puntos de ajuste | K8: =COUNT(E9:E308)
C9: =IF(AND(ISNUMBER(A9),ISNUMBER(B9),ISNUMBER($K$2),ISNUMBER($K$3),$K$3>$K$2),(B9-$K$2)/($K$3-$K$2),"") | D9: =IF(ISNUMBER(C9),IF(B9<$K$3,LN(($K$3-$K$2)/($K$3-B9)),""),"") | E9: =IF(AND(ISNUMBER(C9),ISNUMBER(D9),C9>=0.2,C9<=0.8),D9,"") | F9: =IF(ISNUMBER(E9),A9,"") | G9: =IF(AND(ISNUMBER(E9),ISNUMBER($K$4)),E9-($K$7+$K$4*A9),"")
C10: =IF(AND(ISNUMBER(A10),ISNUMBER(B10),ISNUMBER($K$2),ISNUMBER($K$3),$K$3>$K$2),(B10-$K$2)/($K$3-$K$2),"") | D10: =IF(ISNUMBER(C10),IF(B10<$K$3,LN(($K$3-$K$2)/($K$3-B10)),""),"") | E10: =IF(AND(ISNUMBER(C10),ISNUMBER(D10),C10>=0.2,C10<=0.8),D10,"") | F10: =IF(ISNUMBER(E10),A10,"") | G10: =IF(AND(ISNUMBER(E10),ISNUMBER($K$4)),E10-($K$7+$K$4*A10),"")
C11: =IF(AND(ISNUMBER(A11),ISNUMBER(B11),ISNUMBER($K$2),ISNUMBER($K$3),$K$3>$K$2),(B11-$K$2)/($K$3-$K$2),"") | D11: =IF(ISNUMBER(C11),IF(B11<$K$3,LN(($K$3-$K$2)/($K$3-B11)),""),"") | E11: =IF(AND(ISNUMBER(C11),ISNUMBER(D11),C11>=0.2,C11<=0.8),D11,"") | F11: =IF(ISNUMBER(E11),A11,"") | G11: =IF(AND(ISNUMBER(E11),ISNUMBER($K$4)),E11-($K$7+$K$4*A11),"")
C12: =IF(AND(ISNUMBER(A12),ISNUMBER(B12),ISNUMBER($K$2),ISNUMBER($K$3),$K$3>$K$2),(B12-$K$2)/($K$3-$K$2),"") | D12: =IF(ISNUMBER(C12),IF(B12<$K$3,LN(($K$3-$K$2)/($K$3-B12)),""),"") | E12: =IF(AND(ISNUMBER(C12),ISNUMBER(D12),C12>=0.2,C12<=0.8),D12,"") | F12: =IF(ISNUMBER(E12),A12,"") | G12: =IF(AND(ISNUMBER(E12),ISNUMBER($K$4)),E12-($K$7+$K$4*A12),"")
C13: =IF(AND(ISNUMBER(A13),ISNUMBER(B13),ISNUMBER($K$2),ISNUMBER($K$3),$K$3>$K$2),(B13-$K$2)/($K$3-$K$2),"") | D13: =IF(ISNUMBER(C13),IF(B13<$K$3,LN(($K$3-$K$2)/($K$3-B13)),""),"") | E13: =IF(AND(ISNUMBER(C13),ISNUMBER(D13),C13>=0.2,C13<=0.8),D13,"") | F13: =IF(ISNUMBER(E13),A13,"") | G13: =IF(AND(ISNUMBER(E13),ISNUMBER($K$4)),E13-($K$7+$K$4*A13),"")
C14: =IF(AND(ISNUMBER(A14),ISNUMBER(B14),ISNUMBER($K$2),ISNUMBER($K$3),$K$3>$K$2),(B14-$K$2)/($K$3-$K$2),"") | D14: =IF(ISNUMBER(C14),IF(B14<$K$3,LN(($K$3-$K$2)/($K$3-B14)),""),"") | E14: =IF(AND(ISNUMBER(C14),ISNUMBER(D14),C14>=0.2,C14<=0.8),D14,"") | F14: =IF(ISNUMBER(E14),A14,"") | G14: =IF(AND(ISNUMBER(E14),ISNUMBER($K$4)),E14-($K$7+$K$4*A14),"")
C15: =IF(AND(ISNUMBER(A15),ISNUMBER(B15),ISNUMBER($K$2),ISNUMBER($K$3),$K$3>$K$2),(B15-$K$2)/($K$3-$K$2),"") | D15: =IF(ISNUMBER(C15),IF(B15<$K$3,LN(($K$3-$K$2)/($K$3-B15)),""),"") | E15: =IF(AND(ISNUMBER(C15),ISNUMBER(D15),C15>=0.2,C15<=0.8),D15,"") | F15: =IF(ISNUMBER(E15),A15,"") | G15: =IF(AND(ISNUMBER(E15),ISNUMBER($K$4)),E15-($K$7+$K$4*A15),"")
C16: =IF(AND(ISNUMBER(A16),ISNUMBER(B16),ISNUMBER($K$2),ISNUMBER($K$3),$K$3>$K$2),(B16-$K$2)/($K$3-$K$2),"") | D16: =IF(ISNUMBER(C16),IF(B16<$K$3,LN(($K$3-$K$2)/($K$3-B16)),""),"") | E16: =IF(AND(ISNUMBER(C16),ISNUMBER(D16),C16>=0.2,C16<=0.8),D16,"") | F16: =IF(ISNUMBER(E16),A16,"") | G16: =IF(AND(ISNUMBER(E16),ISNUMBER($K$4)),E16-($K$7+$K$4*A16),"")
C17: =IF(AND(ISNUMBER(A17),ISNUMBER(B17),ISNUMBER($K$2),ISNUMBER($K$3),$K$3>$K$2),(B17-$K$2)/($K$3-$K$2),"") | D17: =IF(ISNUMBER(C17),IF(B17<$K$3,LN(($K$3-$K$2)/($K$3-B17)),""),"") | E17: =IF(AND(ISNUMBER(C17),ISNUMBER(D17),C17>=0.2,C17<=0.8),D17,"") | F17: =IF(ISNUMBER(E17),A17,"") | G17: =IF(AND(ISNUMBER(E17),ISNUMBER($K$4)),E17-($K$7+$K$4*A17),"")
C18: =IF(AND(ISNUMBER(A18),ISNUMBER(B18),ISNUMBER($K$2),ISNUMBER($K$3),$K$3>$K$2),(B18-$K$2)/($K$3-$K$2),"") | D18: =IF(ISNUMBER(C18),IF(B18<$K$3,LN(($K$3-$K$2)/($K$3-B18)),""),"") | E18: =IF(AND(ISNUMBER(C18),ISNUMBER(D18),C18>=0.2,C18<=0.8),D18,"") | F18: =IF(ISNUMBER(E18),A18,"") | G18: =IF(AND(ISNUMBER(E18),ISNUMBER($K$4)),E18-($K$7+$K$4*A18),"")
C19: =IF(AND(ISNUMBER(A19),ISNUMBER(B19),ISNUMBER($K$2),ISNUMBER($K$3),$K$3>$K$2),(B19-$K$2)/($K$3-$K$2),"") | D19: =IF(ISNUMBER(C19),IF(B19<$K$3,LN(($K$3-$K$2)/($K$3-B19)),""),"") | E19: =IF(AND(ISNUMBER(C19),ISNUMBER(D19),C19>=0.2,C19<=0.8),D19,"") | F19: =IF(ISNUMBER(E19),A19,"") | G19: =IF(AND(ISNUMBER(E19),ISNUMBER($K$4)),E19-($K$7+$K$4*A19),"")
C20: =IF(AND(ISNUMBER(A20),ISNUMBER(B20),ISNUMBER($K$2),ISNUMBER($K$3),$K$3>$K$2),(B20-$K$2)/($K$3-$K$2),"") | D20: =IF(ISNUMBER(C20),IF(B20<$K$3,LN(($K$3-$K$2)/($K$3-B20)),""),"") | E20: =IF(AND(ISNUMBER(C20),ISNUMBER(D20),C20>=0.2,C20<=0.8),D20,"") | F20: =IF(ISNUMBER(E20),A20,"") | G20: =IF(AND(ISNUMBER(E20),ISNUMBER($K$4)),E20-($K$7+$K$4*A20),"")
... C308: =IF(AND(ISNUMBER(A308),ISNUMBER(B308),ISNUMBER($K$2),ISNUMBER($K$3),$K$3>$K$2),(B308-$K$2)/($K$3-$K$2),"") | D308: =IF(ISNUMBER(C308),IF(B308<$K$3,LN(($K$3-$K$2)/($K$3-B308)),""),"") | E308: =IF(AND(ISNUMBER(C308),ISNUMBER(D308),C308>=0.2,C308<=0.8),D308,"") | F308: =IF(ISNUMBER(E308),A308,"") | G308: =IF(AND(ISNUMBER(E308),ISNUMBER($K$4)),E308-($K$7+$K$4*A308),"")

Sheet 800 rpm
A1: Reoxigenación a 800 rpm | J1: RPM | K1: 800
A2: Volumen: 30 L de agua | J2: y₀ (entrada)
A3: Aire: 15 L/min = 0.5 vvm | J3: y∞ (entrada)
A4: Archivo / equipo: | J4: Pendiente [s⁻¹] | K4: =IF(AND(K8>=3,ISNUMBER(K2),ISNUMBER(K3),K3>K2),IFERROR(SLOPE(E9:E308,F9:F308),""),"")
A5: Temperatura [°C]: | J5: kLa [h⁻¹] | K5: =IF(ISNUMBER(K4),K4*3600,"")
A6: Intervalos de mesetas: | J6: R² | K6: =IF(ISNUMBER(K4),IFERROR(RSQ(E9:E308,F9:F308),""),"")
J7: Intercepto | K7: =IF(ISNUMBER(K4),IFERROR(INTERCEPT(E9:E308,F9:F308),""),"")
A8: Tiempo [s] | B8: Oxígeno [%] | C8: Recorrido r | D8: Y | E8: Y seleccionado | F8: t seleccionado | G8: Residuo | J8: Puntos de ajuste | K8: =COUNT(E9:E308)
C9: =IF(AND(ISNUMBER(A9),ISNUMBER(B9),ISNUMBER($K$2),ISNUMBER($K$3),$K$3>$K$2),(B9-$K$2)/($K$3-$K$2),"") | D9: =IF(ISNUMBER(C9),IF(B9<$K$3,LN(($K$3-$K$2)/($K$3-B9)),""),"") | E9: =IF(AND(ISNUMBER(C9),ISNUMBER(D9),C9>=0.2,C9<=0.8),D9,"") | F9: =IF(ISNUMBER(E9),A9,"") | G9: =IF(AND(ISNUMBER(E9),ISNUMBER($K$4)),E9-($K$7+$K$4*A9),"")
C10: =IF(AND(ISNUMBER(A10),ISNUMBER(B10),ISNUMBER($K$2),ISNUMBER($K$3),$K$3>$K$2),(B10-$K$2)/($K$3-$K$2),"") | D10: =IF(ISNUMBER(C10),IF(B10<$K$3,LN(($K$3-$K$2)/($K$3-B10)),""),"") | E10: =IF(AND(ISNUMBER(C10),ISNUMBER(D10),C10>=0.2,C10<=0.8),D10,"") | F10: =IF(ISNUMBER(E10),A10,"") | G10: =IF(AND(ISNUMBER(E10),ISNUMBER($K$4)),E10-($K$7+$K$4*A10),"")
C11: =IF(AND(ISNUMBER(A11),ISNUMBER(B11),ISNUMBER($K$2),ISNUMBER($K$3),$K$3>$K$2),(B11-$K$2)/($K$3-$K$2),"") | D11: =IF(ISNUMBER(C11),IF(B11<$K$3,LN(($K$3-$K$2)/($K$3-B11)),""),"") | E11: =IF(AND(ISNUMBER(C11),ISNUMBER(D11),C11>=0.2,C11<=0.8),D11,"") | F11: =IF(ISNUMBER(E11),A11,"") | G11: =IF(AND(ISNUMBER(E11),ISNUMBER($K$4)),E11-($K$7+$K$4*A11),"")
C12: =IF(AND(ISNUMBER(A12),ISNUMBER(B12),ISNUMBER($K$2),ISNUMBER($K$3),$K$3>$K$2),(B12-$K$2)/($K$3-$K$2),"") | D12: =IF(ISNUMBER(C12),IF(B12<$K$3,LN(($K$3-$K$2)/($K$3-B12)),""),"") | E12: =IF(AND(ISNUMBER(C12),ISNUMBER(D12),C12>=0.2,C12<=0.8),D12,"") | F12: =IF(ISNUMBER(E12),A12,"") | G12: =IF(AND(ISNUMBER(E12),ISNUMBER($K$4)),E12-($K$7+$K$4*A12),"")
C13: =IF(AND(ISNUMBER(A13),ISNUMBER(B13),ISNUMBER($K$2),ISNUMBER($K$3),$K$3>$K$2),(B13-$K$2)/($K$3-$K$2),"") | D13: =IF(ISNUMBER(C13),IF(B13<$K$3,LN(($K$3-$K$2)/($K$3-B13)),""),"") | E13: =IF(AND(ISNUMBER(C13),ISNUMBER(D13),C13>=0.2,C13<=0.8),D13,"") | F13: =IF(ISNUMBER(E13),A13,"") | G13: =IF(AND(ISNUMBER(E13),ISNUMBER($K$4)),E13-($K$7+$K$4*A13),"")
C14: =IF(AND(ISNUMBER(A14),ISNUMBER(B14),ISNUMBER($K$2),ISNUMBER($K$3),$K$3>$K$2),(B14-$K$2)/($K$3-$K$2),"") | D14: =IF(ISNUMBER(C14),IF(B14<$K$3,LN(($K$3-$K$2)/($K$3-B14)),""),"") | E14: =IF(AND(ISNUMBER(C14),ISNUMBER(D14),C14>=0.2,C14<=0.8),D14,"") | F14: =IF(ISNUMBER(E14),A14,"") | G14: =IF(AND(ISNUMBER(E14),ISNUMBER($K$4)),E14-($K$7+$K$4*A14),"")
C15: =IF(AND(ISNUMBER(A15),ISNUMBER(B15),ISNUMBER($K$2),ISNUMBER($K$3),$K$3>$K$2),(B15-$K$2)/($K$3-$K$2),"") | D15: =IF(ISNUMBER(C15),IF(B15<$K$3,LN(($K$3-$K$2)/($K$3-B15)),""),"") | E15: =IF(AND(ISNUMBER(C15),ISNUMBER(D15),C15>=0.2,C15<=0.8),D15,"") | F15: =IF(ISNUMBER(E15),A15,"") | G15: =IF(AND(ISNUMBER(E15),ISNUMBER($K$4)),E15-($K$7+$K$4*A15),"")
C16: =IF(AND(ISNUMBER(A16),ISNUMBER(B16),ISNUMBER($K$2),ISNUMBER($K$3),$K$3>$K$2),(B16-$K$2)/($K$3-$K$2),"") | D16: =IF(ISNUMBER(C16),IF(B16<$K$3,LN(($K$3-$K$2)/($K$3-B16)),""),"") | E16: =IF(AND(ISNUMBER(C16),ISNUMBER(D16),C16>=0.2,C16<=0.8),D16,"") | F16: =IF(ISNUMBER(E16),A16,"") | G16: =IF(AND(ISNUMBER(E16),ISNUMBER($K$4)),E16-($K$7+$K$4*A16),"")
C17: =IF(AND(ISNUMBER(A17),ISNUMBER(B17),ISNUMBER($K$2),ISNUMBER($K$3),$K$3>$K$2),(B17-$K$2)/($K$3-$K$2),"") | D17: =IF(ISNUMBER(C17),IF(B17<$K$3,LN(($K$3-$K$2)/($K$3-B17)),""),"") | E17: =IF(AND(ISNUMBER(C17),ISNUMBER(D17),C17>=0.2,C17<=0.8),D17,"") | F17: =IF(ISNUMBER(E17),A17,"") | G17: =IF(AND(ISNUMBER(E17),ISNUMBER($K$4)),E17-($K$7+$K$4*A17),"")
C18: =IF(AND(ISNUMBER(A18),ISNUMBER(B18),ISNUMBER($K$2),ISNUMBER($K$3),$K$3>$K$2),(B18-$K$2)/($K$3-$K$2),"") | D18: =IF(ISNUMBER(C18),IF(B18<$K$3,LN(($K$3-$K$2)/($K$3-B18)),""),"") | E18: =IF(AND(ISNUMBER(C18),ISNUMBER(D18),C18>=0.2,C18<=0.8),D18,"") | F18: =IF(ISNUMBER(E18),A18,"") | G18: =IF(AND(ISNUMBER(E18),ISNUMBER($K$4)),E18-($K$7+$K$4*A18),"")
C19: =IF(AND(ISNUMBER(A19),ISNUMBER(B19),ISNUMBER($K$2),ISNUMBER($K$3),$K$3>$K$2),(B19-$K$2)/($K$3-$K$2),"") | D19: =IF(ISNUMBER(C19),IF(B19<$K$3,LN(($K$3-$K$2)/($K$3-B19)),""),"") | E19: =IF(AND(ISNUMBER(C19),ISNUMBER(D19),C19>=0.2,C19<=0.8),D19,"") | F19: =IF(ISNUMBER(E19),A19,"") | G19: =IF(AND(ISNUMBER(E19),ISNUMBER($K$4)),E19-($K$7+$K$4*A19),"")
C20: =IF(AND(ISNUMBER(A20),ISNUMBER(B20),ISNUMBER($K$2),ISNUMBER($K$3),$K$3>$K$2),(B20-$K$2)/($K$3-$K$2),"") | D20: =IF(ISNUMBER(C20),IF(B20<$K$3,LN(($K$3-$K$2)/($K$3-B20)),""),"") | E20: =IF(AND(ISNUMBER(C20),ISNUMBER(D20),C20>=0.2,C20<=0.8),D20,"") | F20: =IF(ISNUMBER(E20),A20,"") | G20: =IF(AND(ISNUMBER(E20),ISNUMBER($K$4)),E20-($K$7+$K$4*A20),"")
... C308: =IF(AND(ISNUMBER(A308),ISNUMBER(B308),ISNUMBER($K$2),ISNUMBER($K$3),$K$3>$K$2),(B308-$K$2)/($K$3-$K$2),"") | D308: =IF(ISNUMBER(C308),IF(B308<$K$3,LN(($K$3-$K$2)/($K$3-B308)),""),"") | E308: =IF(AND(ISNUMBER(C308),ISNUMBER(D308),C308>=0.2,C308<=0.8),D308,"") | F308: =IF(ISNUMBER(E308),A308,"") | G308: =IF(AND(ISNUMBER(E308),ISNUMBER($K$4)),E308-($K$7+$K$4*A308),"")

Sheet 1000 rpm
A1: Reoxigenación a 1000 rpm | J1: RPM | K1: 1000
A2: Volumen: 30 L de agua | J2: y₀ (entrada)
A3: Aire: 15 L/min = 0.5 vvm | J3: y∞ (entrada)
A4: Archivo / equipo: | J4: Pendiente [s⁻¹] | K4: =IF(AND(K8>=3,ISNUMBER(K2),ISNUMBER(K3),K3>K2),IFERROR(SLOPE(E9:E308,F9:F308),""),"")
A5: Temperatura [°C]: | J5: kLa [h⁻¹] | K5: =IF(ISNUMBER(K4),K4*3600,"")
A6: Intervalos de mesetas: | J6: R² | K6: =IF(ISNUMBER(K4),IFERROR(RSQ(E9:E308,F9:F308),""),"")
J7: Intercepto | K7: =IF(ISNUMBER(K4),IFERROR(INTERCEPT(E9:E308,F9:F308),""),"")
A8: Tiempo [s] | B8: Oxígeno [%] | C8: Recorrido r | D8: Y | E8: Y seleccionado | F8: t seleccionado | G8: Residuo | J8: Puntos de ajuste | K8: =COUNT(E9:E308)
C9: =IF(AND(ISNUMBER(A9),ISNUMBER(B9),ISNUMBER($K$2),ISNUMBER($K$3),$K$3>$K$2),(B9-$K$2)/($K$3-$K$2),"") | D9: =IF(ISNUMBER(C9),IF(B9<$K$3,LN(($K$3-$K$2)/($K$3-B9)),""),"") | E9: =IF(AND(ISNUMBER(C9),ISNUMBER(D9),C9>=0.2,C9<=0.8),D9,"") | F9: =IF(ISNUMBER(E9),A9,"") | G9: =IF(AND(ISNUMBER(E9),ISNUMBER($K$4)),E9-($K$7+$K$4*A9),"")
C10: =IF(AND(ISNUMBER(A10),ISNUMBER(B10),ISNUMBER($K$2),ISNUMBER($K$3),$K$3>$K$2),(B10-$K$2)/($K$3-$K$2),"") | D10: =IF(ISNUMBER(C10),IF(B10<$K$3,LN(($K$3-$K$2)/($K$3-B10)),""),"") | E10: =IF(AND(ISNUMBER(C10),ISNUMBER(D10),C10>=0.2,C10<=0.8),D10,"") | F10: =IF(ISNUMBER(E10),A10,"") | G10: =IF(AND(ISNUMBER(E10),ISNUMBER($K$4)),E10-($K$7+$K$4*A10),"")
C11: =IF(AND(ISNUMBER(A11),ISNUMBER(B11),ISNUMBER($K$2),ISNUMBER($K$3),$K$3>$K$2),(B11-$K$2)/($K$3-$K$2),"") | D11: =IF(ISNUMBER(C11),IF(B11<$K$3,LN(($K$3-$K$2)/($K$3-B11)),""),"") | E11: =IF(AND(ISNUMBER(C11),ISNUMBER(D11),C11>=0.2,C11<=0.8),D11,"") | F11: =IF(ISNUMBER(E11),A11,"") | G11: =IF(AND(ISNUMBER(E11),ISNUMBER($K$4)),E11-($K$7+$K$4*A11),"")
C12: =IF(AND(ISNUMBER(A12),ISNUMBER(B12),ISNUMBER($K$2),ISNUMBER($K$3),$K$3>$K$2),(B12-$K$2)/($K$3-$K$2),"") | D12: =IF(ISNUMBER(C12),IF(B12<$K$3,LN(($K$3-$K$2)/($K$3-B12)),""),"") | E12: =IF(AND(ISNUMBER(C12),ISNUMBER(D12),C12>=0.2,C12<=0.8),D12,"") | F12: =IF(ISNUMBER(E12),A12,"") | G12: =IF(AND(ISNUMBER(E12),ISNUMBER($K$4)),E12-($K$7+$K$4*A12),"")
C13: =IF(AND(ISNUMBER(A13),ISNUMBER(B13),ISNUMBER($K$2),ISNUMBER($K$3),$K$3>$K$2),(B13-$K$2)/($K$3-$K$2),"") | D13: =IF(ISNUMBER(C13),IF(B13<$K$3,LN(($K$3-$K$2)/($K$3-B13)),""),"") | E13: =IF(AND(ISNUMBER(C13),ISNUMBER(D13),C13>=0.2,C13<=0.8),D13,"") | F13: =IF(ISNUMBER(E13),A13,"") | G13: =IF(AND(ISNUMBER(E13),ISNUMBER($K$4)),E13-($K$7+$K$4*A13),"")
C14: =IF(AND(ISNUMBER(A14),ISNUMBER(B14),ISNUMBER($K$2),ISNUMBER($K$3),$K$3>$K$2),(B14-$K$2)/($K$3-$K$2),"") | D14: =IF(ISNUMBER(C14),IF(B14<$K$3,LN(($K$3-$K$2)/($K$3-B14)),""),"") | E14: =IF(AND(ISNUMBER(C14),ISNUMBER(D14),C14>=0.2,C14<=0.8),D14,"") | F14: =IF(ISNUMBER(E14),A14,"") | G14: =IF(AND(ISNUMBER(E14),ISNUMBER($K$4)),E14-($K$7+$K$4*A14),"")
C15: =IF(AND(ISNUMBER(A15),ISNUMBER(B15),ISNUMBER($K$2),ISNUMBER($K$3),$K$3>$K$2),(B15-$K$2)/($K$3-$K$2),"") | D15: =IF(ISNUMBER(C15),IF(B15<$K$3,LN(($K$3-$K$2)/($K$3-B15)),""),"") | E15: =IF(AND(ISNUMBER(C15),ISNUMBER(D15),C15>=0.2,C15<=0.8),D15,"") | F15: =IF(ISNUMBER(E15),A15,"") | G15: =IF(AND(ISNUMBER(E15),ISNUMBER($K$4)),E15-($K$7+$K$4*A15),"")
C16: =IF(AND(ISNUMBER(A16),ISNUMBER(B16),ISNUMBER($K$2),ISNUMBER($K$3),$K$3>$K$2),(B16-$K$2)/($K$3-$K$2),"") | D16: =IF(ISNUMBER(C16),IF(B16<$K$3,LN(($K$3-$K$2)/($K$3-B16)),""),"") | E16: =IF(AND(ISNUMBER(C16),ISNUMBER(D16),C16>=0.2,C16<=0.8),D16,"") | F16: =IF(ISNUMBER(E16),A16,"") | G16: =IF(AND(ISNUMBER(E16),ISNUMBER($K$4)),E16-($K$7+$K$4*A16),"")
C17: =IF(AND(ISNUMBER(A17),ISNUMBER(B17),ISNUMBER($K$2),ISNUMBER($K$3),$K$3>$K$2),(B17-$K$2)/($K$3-$K$2),"") | D17: =IF(ISNUMBER(C17),IF(B17<$K$3,LN(($K$3-$K$2)/($K$3-B17)),""),"") | E17: =IF(AND(ISNUMBER(C17),ISNUMBER(D17),C17>=0.2,C17<=0.8),D17,"") | F17: =IF(ISNUMBER(E17),A17,"") | G17: =IF(AND(ISNUMBER(E17),ISNUMBER($K$4)),E17-($K$7+$K$4*A17),"")
C18: =IF(AND(ISNUMBER(A18),ISNUMBER(B18),ISNUMBER($K$2),ISNUMBER($K$3),$K$3>$K$2),(B18-$K$2)/($K$3-$K$2),"") | D18: =IF(ISNUMBER(C18),IF(B18<$K$3,LN(($K$3-$K$2)/($K$3-B18)),""),"") | E18: =IF(AND(ISNUMBER(C18),ISNUMBER(D18),C18>=0.2,C18<=0.8),D18,"") | F18: =IF(ISNUMBER(E18),A18,"") | G18: =IF(AND(ISNUMBER(E18),ISNUMBER($K$4)),E18-($K$7+$K$4*A18),"")
C19: =IF(AND(ISNUMBER(A19),ISNUMBER(B19),ISNUMBER($K$2),ISNUMBER($K$3),$K$3>$K$2),(B19-$K$2)/($K$3-$K$2),"") | D19: =IF(ISNUMBER(C19),IF(B19<$K$3,LN(($K$3-$K$2)/($K$3-B19)),""),"") | E19: =IF(AND(ISNUMBER(C19),ISNUMBER(D19),C19>=0.2,C19<=0.8),D19,"") | F19: =IF(ISNUMBER(E19),A19,"") | G19: =IF(AND(ISNUMBER(E19),ISNUMBER($K$4)),E19-($K$7+$K$4*A19),"")
C20: =IF(AND(ISNUMBER(A20),ISNUMBER(B20),ISNUMBER($K$2),ISNUMBER($K$3),$K$3>$K$2),(B20-$K$2)/($K$3-$K$2),"") | D20: =IF(ISNUMBER(C20),IF(B20<$K$3,LN(($K$3-$K$2)/($K$3-B20)),""),"") | E20: =IF(AND(ISNUMBER(C20),ISNUMBER(D20),C20>=0.2,C20<=0.8),D20,"") | F20: =IF(ISNUMBER(E20),A20,"") | G20: =IF(AND(ISNUMBER(E20),ISNUMBER($K$4)),E20-($K$7+$K$4*A20),"")
... C308: =IF(AND(ISNUMBER(A308),ISNUMBER(B308),ISNUMBER($K$2),ISNUMBER($K$3),$K$3>$K$2),(B308-$K$2)/($K$3-$K$2),"") | D308: =IF(ISNUMBER(C308),IF(B308<$K$3,LN(($K$3-$K$2)/($K$3-B308)),""),"") | E308: =IF(AND(ISNUMBER(C308),ISNUMBER(D308),C308>=0.2,C308<=0.8),D308,"") | F308: =IF(ISNUMBER(E308),A308,"") | G308: =IF(AND(ISNUMBER(E308),ISNUMBER($K$4)),E308-($K$7+$K$4*A308),"")
